<?xml version="1.0" encoding="utf-8"?>
<extension>
	<section if="android">
		<section unless="openfl-legacy || openfl-next">
			<echo value="ALERT: Setting GoolePlayServices to the last version on your SDK. Please read how to upgrade and choose your version here: https://github.com/player-03/google-play-services" unless="playServicesVersion" />
			<set name="playServicesVersion" value="+" unless="playServicesVersion" />
		</section>
		
		<section if="openfl-legacy || openfl-next">
			<set name="google-play-services-basement" />
			<set name="google-play-services-ads-lite" />
			<haxelib name="extension-googleplayservices-basement" />
		</section>

		<dependency name="admobex" path="dependencies/admobex" />
	</section>
	
	<section if="ios">
		<ndll name="admobex" />
		<dependency path="frameworks/GoogleMobileAds.framework" />
		<dependency name="AdSupport.framework" />
		<dependency name="AudioToolbox.framework" />
		<dependency name="AVFoundation.framework" />
		<dependency name="CoreGraphics.framework" />
		<dependency name="CoreMedia.framework" />
		<dependency name="CoreTelephony.framework" />
		<dependency name="EventKit.framework" />
		<dependency name="EventKitUI.framework" />
		<dependency name="MediaPlayer.framework" />
		<dependency name="MessageUI.framework" />
		<dependency name="StoreKit.framework" />
		<dependency name="SystemConfiguration.framework" />
	</section>
</extension>